{
  "providers": [
    {
      "type": "bitmap",
      "file": "minecraft:font/ability/ability_wip.png",
      "height": 16,
      "ascent": 14,
      "chars": ["Ɲ"],
      "x_advance": 16
    },
    {
      "type": "bitmap",
      "file": "minecraft:font/ability/ability_wip_s1.png",
      "height": 16,
      "ascent": 14,
      "chars": ["ƞ"],
      "x_advance": 0
    },
    {
      "type": "bitmap",
      "file": "minecraft:font/ability/left_click_mouse.png",
      "height": 8,
      "ascent": -1,
      "chars": ["ÿ"],
      "x_advance": 0
    },
    {
      "type": "bitmap",
      "file": "minecraft:font/ability/right_click_mouse.png",
      "height": 8,
      "ascent": -1,
      "chars": ["þ"],
      "x_advance": 0
    }
  ]
}
